SepalLength,SepalWidth,PetalLength,PetalWidth,Species
5.2483570765056164,3.1252464251729384,3.085502494538964,0.968660451363414,Iris-setosa
4.930867849414407,3.173224104748488,3.2199094799015153,1.4775711602506192,Iris-versicolor
5.323844269050346,2.6599876392107547,3.873646802561631,0.5071369768322281,Iris-virginica
5.761514928204012,3.116126848580502,3.8051851327167325,1.252023257758922,Iris-setosa
4.882923312638332,3.146536236649341,3.489549203017926,0.7348711908137796,Iris-versicolor
4.88293152152541,2.642824290986816,3.558663691654391,0.6035635838688279,Iris-virginica
5.789606407753696,3.9328872555723784,4.138832447894212,0.946484820022721,Iris-setosa
5.383717364576454,3.2369164604558938,3.204214305582085,0.48237883879031296,Iris-versicolor
4.765262807032524,2.404348251398676,3.773548690585019,0.723175347326409,Iris-virginica
5.2712800217929825,3.328276804316915,3.398903673783053,0.40106105370557577,Iris-setosa
4.768291153593768,2.5126591648863394,3.3911593983863897,1.9823625664581948,Iris-versicolor
4.767135123214872,3.393542301871226,4.049388425993595,1.0176317759858644,Iris-virginica
5.120981135783017,3.579297789503702,3.912708174494015,0.6501372460037071,Iris-setosa
4.043359877671101,2.5896588408241445,3.9067548180003193,1.106989955367111,Iris-versicolor
4.137541083743484,3.481688064622161,4.152739403577165,0.9438359751545851,Iris-virginica
4.718856235379514,3.206390463468249,3.5105019208163797,0.8895152002333885,Iris-setosa
4.493584439832788,3.411030079997245,3.8409764856474817,1.3070833500217125,Iris-versicolor
5.157123666297637,3.9483964913269736,3.344866621703272,1.3787538550236524,Iris-virginica
4.545987962239394,2.8773059419985647,3.662083176244221,0.7347494261947363,Iris-setosa
4.293848149332354,2.6231319178212553,3.4349284728161575,0.7120908796776599,Iris-versicolor
5.732824384460777,2.5552427851872386,3.548497982496359,0.862474151424178,Iris-virginica
4.8871118497567325,2.5920948575172806,3.7975785127184567,-0.15096058236779242,Iris-setosa
5.033764102343962,2.961449145292948,3.0908896583832637,0.24240446890072387,Iris-versicolor
4.287625906893272,3.170575987408322,4.54619363784273,1.6834371337222622,Iris-virginica
4.727808637737409,3.1383453996650097,2.996991309250149,1.8224838567506418,Iris-setosa
5.055461294854933,3.413591624518012,2.892905693606134,0.8754819802218108,Iris-versicolor
4.424503211288848,3.0065009459389533,4.079055436750034,1.2882784815278832,Iris-virginica
5.187849009172836,3.726767038578658,3.895831346981468,1.155625077271768,Iris-setosa
4.699680655040598,2.867671583381022,3.8120599085260776,2.539440404227619,Iris-versicolor
4.854153125103362,4.360084583294809,3.81417275463214,1.5597874557172884,Iris-virginica
4.699146693885302,3.312833673882503,3.4938766135765427,0.9360412042596167,Iris-setosa
5.926139092254469,2.5714212217918586,3.051372814257084,0.5222297796997871,Iris-versicolor
4.993251387631033,2.464553750969444,3.5379022790968633,0.19677683987121375,Iris-virginica
4.47114453552205,3.2412362076215926,3.1614191442439443,1.1017318179336115,Iris-setosa
5.411272456051594,2.8882686073370745,3.9875598667088754,0.6218246273578483,Iris-versicolor
4.389578175014488,3.357000247046046,3.4264713092489307,0.2888731452011629,Iris-virginica
5.104431797502378,3.2366188122867725,3.0872514016037442,0.6767135578787367,Iris-setosa
4.0201649380601125,2.9635855436715635,3.339307079173503,0.4592259981928025,Iris-versicolor
4.335906975550785,2.5766031409657977,3.7064657271378123,1.8435708175362824,Iris-virginica
5.098430617934562,2.242576387657068,3.2181377235980126,1.4408198784747253,Iris-setosa
5.369233289997705,2.7767425239664894,3.088889802216784,0.9960136793416913,Iris-versicolor
5.085684140594985,3.428199397161736,3.621843605745956,1.739972069445013,Iris-virginica
4.9421758588058795,3.107046872065102,3.6224832855543614,1.0386841538238092,Iris-setosa
4.849448152205356,2.3771306106440058,3.246528412314435,0.5693578993358681,Iris-versicolor
4.260739004816286,3.086590462925591,3.2644808471908386,1.7615620386348287,Iris-virginica
4.640077895802646,3.1926586898644183,3.616024968678818,1.2694550218423293,Iris-setosa
4.769680614520106,2.5580712818994336,2.775957829251338,0.4813769228367718,Iris-versicolor
5.528561113109458,3.076862552972764,2.796268112811722,0.9048306609581959,Iris-virginica
5.1718091447842305,3.029104359223,3.140777889373782,0.5621908733076214,Iris-setosa
4.118479922318633,2.4285148510846883,3.3932764241440765,0.30860013451783197,Iris-versicolor
5.162041984697398,3.1788936801741414,3.655453782799002,1.4630887737658207,Iris-virginica
4.807458859791842,3.280392263184117,4.237678108474776,1.9547083202350652,Iris-setosa
4.6615389998470205,3.5415256215876383,3.92882981160101,0.3007162130904294,Iris-versicolor
5.305838144420434,3.5269010260174514,3.4200307350182864,1.2814846183452855,Iris-virginica
5.515499761247975,2.3111653160214543,3.4904918960486557,0.6746787154390865,Iris-setosa
5.465640059558099,2.5310874800424386,2.9987353176810956,0.756437308117652,Iris-versicolor
4.580391238388681,3.25751763360433,3.490743432003805,0.7038030378805654,Iris-virginica
4.845393812074393,3.2568929754561045,3.355670680539931,0.5680046151600919,Iris-setosa
5.165631715701782,3.257523843153024,3.661359280169045,1.0242608139724134,Iris-versicolor
5.48777256356118,4.92636574532736,3.0863845282238387,0.5845249417944811,Iris-virginica
4.760412881077355,3.2854452553465836,3.759673257120586,1.1352284128899195,Iris-setosa
4.907170511668092,3.5677828200902995,4.266369456501289,0.9748809452754316,Iris-versicolor
4.446832512996986,3.4770008817466014,3.445619925771571,0.8805259765667951,Iris-virginica
4.401896687959665,3.325695625652899,3.7008558610494706,0.5462181689792011,Iris-setosa
5.406262911197099,2.842365377679827,3.845071995855556,0.7116143347158337,Iris-versicolor
5.678120014285412,3.379484610246634,3.2993897640570817,1.377695612912878,Iris-virginica
4.963994939209833,2.613587392731214,3.6120462409052085,1.2504585938121904,Iris-setosa
5.501766448946012,2.8815906966299956,3.5062962003908975,0.5112223776007245,Iris-versicolor
5.180818012523817,2.7573182260854483,3.548838049274416,1.049666152714613,Iris-virginica
4.677440122697438,3.0409370696931615,3.1134951080722666,1.3756935616858945,Iris-setosa
5.1806978027542065,4.157329283336754,3.5122550871294713,0.16529735943931412,Iris-versicolor
5.769018283232985,2.0663674037041257,3.748999145622725,1.2716800961899675,Iris-virginica
4.9820869804450245,3.3431300951872567,4.2255718038975205,0.6686881205270767,Iris-setosa
5.782321827907003,2.193642064405174,3.9796354130426033,1.2852993342965797,Iris-versicolor
3.6901274479551276,2.764034067105283,4.576591228755778,0.6183704217287416,Iris-virginica
5.410951252187612,3.544475298483683,3.116326218555975,0.09755894966774048,Iris-setosa
5.043523534119085,3.0321400095477316,3.936160318360339,0.18622878105841867,Iris-versicolor
4.850496324767066,2.461127611035347,3.591671002869176,1.024042473330691,Iris-virginica
5.045880388267751,2.6423481453700157,4.594901466608836,1.1298612508607409,Iris-setosa
4.006215542699554,3.3397988744673377,3.095850857322424,0.5478416874477957,Iris-versicolor
4.890164056081244,2.6348166841414318,3.080139078909612,1.319296229388687,Iris-virginica
5.178556285755874,3.1082292947909873,3.200303677277989,0.16923996886552006,Iris-setosa
5.738947022370758,3.022785919951907,2.4380521378450966,0.9669601006763417,Iris-versicolor
4.740864890863176,2.6741998261970914,3.2371224891596193,0.39449190011877167,Iris-virginica
4.595753198553406,4.071972044662663,3.120433669223151,0.6740819460989205,Iris-setosa
4.749121478207732,3.3169595111590056,3.575196893238104,1.023699335658207,Iris-versicolor
5.457701058851037,1.9874287066711964,3.6708779878885798,0.5697933173580239,Iris-virginica
5.164375554829842,3.093227157384714,4.438085419607943,0.8077222278850873,Iris-setosa
4.735119898116481,2.669106767615806,3.975211919093025,1.5031464046072203,Iris-versicolor
5.256633716556678,3.426216667398112,3.2115481721687984,0.7115540652384256,Iris-virginica
5.04853877467402,2.60373963078365,3.050792664325821,1.417846056032571,Iris-setosa
5.484322495266444,2.9426317792665504,3.745959585753253,0.43514657267119095,Iris-versicolor
4.648973453061323,3.2524936394902286,2.839883396489679,1.2649020889576414,Iris-virginica
4.836168926701116,3.432877597085061,4.415729382927177,1.7207843103289502,Iris-setosa
4.803945923433921,2.3998517964721118,4.089720060360643,-0.23582225006364466,Iris-versicolor
4.268242525933941,2.832749382079526,3.265412173947648,0.6015523722647615,Iris-virginica
5.148060138532288,2.7625273444195217,2.643432735454561,1.28853606359027,Iris-setosa
5.130527636089945,2.673335383713144,4.176936187082706,0.8984773069785037,Iris-versicolor
5.00255672832123,3.882727120140548,3.442730077373691,1.1855729366856544,Iris-virginica
4.882706433312427,3.2024908554804776,4.11890815598673,0.6980074066420897,Iris-setosa
4.292314628974793,2.3695580228324773,2.7027861706028165,1.04329489373645,Iris-versicolor
4.78967733861732,3.458930973527388,3.200312488523114,0.9221613823039603,Iris-virginica
4.828642741736616,4.061078098506316,3.5026218498590915,1.5838910308299037,Iris-setosa
4.59886136538919,3.5162326302755735,3.523490296882371,1.1272104216506065,Iris-versicolor
4.919357144166995,2.2403150170229935,3.274967264260378,1.168801331037601,Iris-virginica
5.20202542840727,2.7578829635668742,3.8114249661737496,0.7940615169387664,Iris-setosa
5.943092950605265,3.6334555745933113,2.966189785308703,0.7561968879637533,Iris-versicolor
5.087288906415919,2.6461652671906095,3.4288102574893533,0.7837209060901895,Iris-virginica
5.128775195361382,3.221909714073114,3.5601478158559496,1.1972260711891485,Iris-setosa
4.962777042116916,3.387317026714668,3.7572194170293747,0.7895077595898685,Iris-versicolor
4.040614392350479,2.5365347642109586,3.855807439044445,1.1448874284482065,Iris-virginica
4.986743062275392,2.9702373219691,2.9376789540810653,2.0377003993227194,Iris-setosa
5.0301151049705135,1.3793663299654637,2.732942914632189,1.4355623517158462,Iris-versicolor
6.231621056242643,2.487806179332855,4.138838410949255,0.8369882339160795,Iris-virginica
4.903819517609438,2.87371592430342,3.666157005989796,1.6006069610819724,Iris-setosa
5.150773671166807,2.3761084090175753,3.125756731721723,0.7959623134892243,Iris-versicolor
4.982644115147378,3.8162056519658174,4.275575987761261,-0.01906226758892693,Iris-virginica
4.415660981190234,2.2849293110196838,3.5578373171464293,0.49595684454129796,Iris-setosa
5.571411407257511,2.7799777566515083,4.089648592031914,0.06460403948707216,Iris-versicolor
5.375966516343387,3.0653702886430456,3.5337592407050544,0.8242432579793457,Iris-virginica
5.3955159735215235,3.720636644533058,4.5303739624409936,1.009209189594776,Iris-setosa
4.54530627260263,2.2820689244102805,4.377670421221602,1.8382186561376415,Iris-versicolor
5.701397155468049,3.58158187607748,3.3755179257604633,1.1634636868820813,Iris-virginica
4.29907446860386,3.0051165305097935,3.9857854754771775,0.8904497355955678,Iris-setosa
5.293428546900135,2.5092456744760243,3.822687974792574,1.4147027905917446,Iris-versicolor
6.095227812904989,3.231051737131635,4.184315778766174,-0.10556765450394257,Iris-virginica
4.504731837434655,3.099529847786735,3.0175382697099478,1.117807279054283,Iris-setosa
4.716851135198614,2.6998915614206025,3.8430257299992197,1.3854325969434833,Iris-versicolor
5.049825682543821,3.0349010424950094,4.029212243424794,0.2607068771100792,Iris-virginica
4.7482621729419,2.80734320156912,2.6206302567884427,1.5718770216034645,Iris-setosa
4.224668284466934,3.056758672625624,2.9083707436671125,1.1692482037472072,Iris-versicolor
5.034281487403014,3.3310653372605232,2.48038391111995,0.7923560430495994,Iris-virginica
4.468848143136947,3.793008408072676,3.365296582777721,1.3163909330531425,Iris-setosa
5.23679621531759,2.3810922505865753,3.858771127897981,2.135346428902198,Iris-versicolor
4.540287882883098,4.066516687328133,4.251178526048014,1.0909331275292475,Iris-virginica
5.77496720250877,2.023956100238749,3.537047390209888,1.124110293150168,Iris-setosa
4.608373353831881,2.9241074524822084,4.314307772785646,0.770319550229878,Iris-versicolor
4.838969241897162,3.2941586032422885,2.809949270892554,0.5750778152676042,Iris-virginica
5.406758608684835,3.1404959338675162,2.648308780322423,1.4151679082721227,Iris-setosa
4.3845678417830225,2.688650240089703,3.4722261505516907,0.5719580870455664,Iris-versicolor
5.113729967302064,2.8959388748213626,3.692032724469654,1.0357831186096962,Iris-virginica
5.653571377141214,2.753499532670584,3.4836526259529537,0.7611712766174417,Iris-setosa
4.196258382719386,2.705317621527894,2.4662789499800617,1.239489912873196,Iris-versicolor
5.092316929266152,3.4248010485105125,3.455439980243606,1.1668310526434742,Iris-virginica
5.129941397124211,3.1785077429825237,2.8477652497475736,1.5187699721289496,Iris-setosa
5.390911435888655,2.653545202369673,3.8348362744150193,0.7449918005726265,Iris-versicolor
4.381524644560959,3.4497999377166253,3.683299123048424,0.8650625323533143,Iris-virginica
4.339771693457862,3.1536497604383045,3.030060106836322,0.5106181421088463,Iris-setosa
5.260970782808449,3.40643105941948,3.243066541331653,0.7778533699619442,Iris-versicolor
5.148492336616593,3.314814420961806,2.9703932390555243,1.188650246522426,Iris-virginica
